[
  {
    "title": "School Plants 100 Trees",
    "content": "Grade 12 students organized a tree planting drive to celebrate Earth Day."
  },
  {
    "title": "New Robotics Lab Inaugurated",
    "content": "Students now have access to state-of-the-art robotic arms and 3D printers."
  },
  {
    "title": "Mental Health Awareness Week",
    "content": "Workshops and sessions were held to promote emotional well-being."
  },
  {
    "title": "Inter-school Debate: Who Won?",
    "content": "Our school takes second place in the state-level debate competition!"
  }
]
